id,first_name,last_name,created_at,updated_at
1,GeorgeSr,Bluth,2012-03-27 14:54:09 UTC,2012-03-27 14:54:09 UTC
2,Lucille,Bluth,2012-03-27 14:54:10 UTC,2012-03-27 14:54:10 UTC
3,G.O.B.,Bluth,2012-03-27 14:54:10 UTC,2012-03-27 14:54:10 UTC
4,Michael,Bluth,2012-03-27 14:54:10 UTC,2012-03-27 14:54:10 UTC
5,Lindsay,Funke,2012-03-27 14:54:10 UTC,2012-03-27 14:54:10 UTC
6,Buster,Bluth,2012-03-27 14:54:10 UTC,2012-03-27 14:54:10 UTC
7,Oscar,Bluth,2012-03-27 14:54:10 UTC,2012-03-27 14:54:10 UTC
8,Annyong,Bluth,2012-03-27 14:54:11 UTC,2012-03-27 14:54:11 UTC
9,Maeby,Funke,2012-03-27 14:54:11 UTC,2012-03-27 14:54:11 UTC
10,GeorgeMichael,Bluth,2012-03-27 14:54:11 UTC,2012-03-27 14:54:11 UTC
